escuela,severidad,tipo,url,detalle,corrida
Enfermería,error,link_externo_roto,https://www9.uc.cl/PagoWEB/faces/index.xhtml,"ConnectionError: HTTPSConnectionPool(host='www9.uc.cl', port=443): Max retries exceeded with url: /PagoWEB/faces/index.xhtml (Caused by NameResolutionError(""HTTPSConnection(host='www9.uc.cl', port=443): Failed to resolve 'www9.uc.cl' ([Errno 8] nodename nor servname provided, or not known)""))",2026-08-19T23:41:26.031274Z
Enfermería,error,link_externo_roto,https://bit.ly/3BLdgPB,HTTP 404,2026-08-19T23:41:26.031274Z
Enfermería,error,link_externo_roto,https://correo.uc.cl,HTTP 404,2026-08-19T23:41:26.031274Z
Enfermería,error,link_externo_roto,https://forms.gle/iYf4pvhsYjUVvD8M7,HTTP 404,2026-08-19T23:41:26.031274Z
Enfermería,error,link_externo_roto,https://cienciasdelasalud.uc.cl/es,HTTP 404,2026-08-19T23:41:26.031274Z
Enfermería,error,documento_roto,https://medicina.uc.cl/wp-content/uploads/2020/07/Ficha-proyecto-REDCap-v01.2018.docx,HTTP 404,2026-08-19T23:41:26.031274Z
Enfermería,advertencia,meta_descripcion_largo_incorrecto,https://enfermeria.uc.cl/investigacion-e-innovacion/contacto,187 caracteres,2026-08-19T23:41:26.031274Z
Enfermería,advertencia,meta_descripcion_ausente,https://enfermeria.uc.cl/category/noticias,,2026-08-19T23:41:26.031274Z
Enfermería,advertencia,meta_descripcion_ausente,https://enfermeria.uc.cl/category/sin-categoria,,2026-08-19T23:41:26.031274Z
Enfermería,advertencia,meta_descripcion_largo_incorrecto,https://enfermeria.uc.cl/investigacion-e-innovacion/eventos-cientificos,166 caracteres,2026-08-19T23:41:26.031274Z
Enfermería,advertencia,meta_titulo_largo_incorrecto,https://enfermeria.uc.cl/la-formula-que-reduce-secuelas-criticas-en-pacientes-que-han-sufrido-accidente-cerebro-vascular,"111 caracteres: ""La fórmula que reduce secuelas en pacientes que han sufrido accidente cerebro vascular  - Escuela de Enfermería""",2026-08-19T23:41:26.031274Z
Enfermería,advertencia,meta_descripcion_ausente,https://enfermeria.uc.cl/la-formula-que-reduce-secuelas-criticas-en-pacientes-que-han-sufrido-accidente-cerebro-vascular,,2026-08-19T23:41:26.031274Z
Enfermería,advertencia,meta_descripcion_largo_incorrecto,https://enfermeria.uc.cl/carrera-y-programas/pregrado/coordinacion-de-gestion-academica,174 caracteres,2026-08-19T23:41:26.031274Z
Enfermería,advertencia,meta_descripcion_largo_incorrecto,https://enfermeria.uc.cl/carrera-y-programas/pregrado/reglamentos,184 caracteres,2026-08-19T23:41:26.031274Z
Enfermería,advertencia,meta_descripcion_largo_incorrecto,https://enfermeria.uc.cl/carrera-y-programas/postgrado/postitulos-de-enfermeria,189 caracteres,2026-08-19T23:41:26.031274Z
Enfermería,advertencia,meta_descripcion_ausente,https://enfermeria.uc.cl/category/vinculacion-con-el-medio,,2026-08-19T23:41:26.031274Z
Enfermería,advertencia,meta_descripcion_largo_incorrecto,https://enfermeria.uc.cl/carrera-y-programas/postgrado/magister-en-enfermeria,168 caracteres,2026-08-19T23:41:26.031274Z
Enfermería,advertencia,meta_titulo_largo_incorrecto,https://enfermeria.uc.cl/siestas-de-20-a-30-minutos-en-el-trabajo-pueden-ayudar-a-evitar-errores-en-tareas-criticas,"114 caracteres: ""Siestas de 20 a 30 minutos en el trabajo pueden ayudar a evitar errores en tareas críticas - Escuela de Enfermería""",2026-08-19T23:41:26.031274Z
Enfermería,advertencia,meta_descripcion_ausente,https://enfermeria.uc.cl/siestas-de-20-a-30-minutos-en-el-trabajo-pueden-ayudar-a-evitar-errores-en-tareas-criticas,,2026-08-19T23:41:26.031274Z
Enfermería,advertencia,meta_descripcion_largo_incorrecto,https://enfermeria.uc.cl/nuestra-escuela/sobre-escuela-de-enfermeria-uc,167 caracteres,2026-08-19T23:41:26.031274Z
Enfermería,advertencia,meta_descripcion_ausente,https://enfermeria.uc.cl/nuestra-escuela/quienes-somos/consejo-clinico-de-enfermeria,,2026-08-19T23:41:26.031274Z
Enfermería,advertencia,meta_titulo_largo_incorrecto,https://enfermeria.uc.cl/concurso/concurso-interno-y-externo-cargo-de-profesor-a-asistente-area-de-personas-con-condiciones-cronicas-de-salud-en-contextos-ambulatorios-o-intrahospitalarios,"179 caracteres: ""Concurso Interno y Externo: Cargo de Profesor/a Asistente Área de Personas con Condiciones Crónicas de Salud en Contextos Ambulatorios o Intrahospitalarios - Escuela de Enfermería""",2026-08-19T23:41:26.031274Z
Enfermería,advertencia,meta_descripcion_ausente,https://enfermeria.uc.cl/concurso/concurso-interno-y-externo-cargo-de-profesor-a-asistente-area-de-personas-con-condiciones-cronicas-de-salud-en-contextos-ambulatorios-o-intrahospitalarios,,2026-08-19T23:41:26.031274Z
Enfermería,advertencia,meta_descripcion_largo_incorrecto,https://enfermeria.uc.cl/carrera-y-programas/postgrado/contacto,169 caracteres,2026-08-19T23:41:26.031274Z
Enfermería,advertencia,meta_titulo_duplicado,"https://enfermeria.uc.cl/, https://enfermeria.uc.cl","""Escuela de Enfermería""",2026-08-19T23:41:26.031274Z
Enfermería,advertencia,meta_titulo_duplicado,"https://enfermeria.uc.cl/investigacion-e-innovacion/contacto, https://enfermeria.uc.cl/carrera-y-programas/pregrado/contacto, https://enfermeria.uc.cl/carrera-y-programas/postgrado/contacto","""Contacto - Escuela de Enfermería""",2026-08-19T23:41:26.031274Z
Enfermería,advertencia,link_externo_no_verificable,https://investigacion.uc.cl/concursos,HTTP 403,2026-08-19T23:41:26.031274Z
Enfermería,advertencia,link_externo_no_verificable,https://registrosacademicos.uc.cl/informacion-para-estudiantes/inscripcion-y-retiro-de-cursos,HTTP 403,2026-08-19T23:41:26.031274Z
Enfermería,advertencia,link_externo_no_verificable,https://cl.linkedin.com/in/escuela-de-enfermer%C3%ADa-uc-a164a339,HTTP 999,2026-08-19T23:41:26.031274Z
Enfermería,advertencia,link_externo_no_verificable,https://alertasypermanencia.uc.cl,HTTP 403,2026-08-19T23:41:26.031274Z
Enfermería,advertencia,link_externo_no_verificable,https://protecciondedatos.uc.cl/politicas,HTTP 403,2026-08-19T23:41:26.031274Z
Enfermería,advertencia,link_externo_no_verificable,https://www.linkedin.com/in/escuela-de-enfermer%C3%ADa-uc-a164a339,HTTP 999,2026-08-19T23:41:26.031274Z
Enfermería,advertencia,link_externo_no_verificable,https://registrosacademicos.uc.cl/informacion-para-estudiantes/suspension-de-estudios,HTTP 403,2026-08-19T23:41:26.031274Z
Enfermería,advertencia,link_externo_no_verificable,http://bibliotecas.uc.cl,HTTP 403,2026-08-19T23:41:26.031274Z
Enfermería,advertencia,link_externo_no_verificable,https://registrosacademicos.uc.cl/informacion-para-estudiantes/anulacion-estudios,HTTP 403,2026-08-19T23:41:26.031274Z
Enfermería,advertencia,link_externo_no_verificable,https://www.hhs.gov/hipaa/index.html,HTTP 403,2026-08-19T23:41:26.031274Z
Enfermería,advertencia,link_externo_no_verificable,https://uccl0-my.sharepoint.com/:w:/g/personal/paula_farias_uc_cl/EaaViIW_QqRPjZOGq5al1SQB3z0P9gMO7dhahGb8kKuR-g?e=3lb6RK,HTTP 403,2026-08-19T23:41:26.031274Z
Enfermería,advertencia,imagen_no_verificable,https://enfermeria.uc.cl/wp-content/uploads/2024/10/Enfermeria-del-adulto-con-problemas-oncologicos.png,"ConnectionError: ('Connection aborted.', RemoteDisconnected('Remote end closed connection without response'))",2026-08-19T23:41:26.031274Z
Medicina,error,link_externo_roto,https://correo.uc.cl,HTTP 404,2026-08-19T23:41:26.031274Z
Medicina,error,link_externo_roto,https://cienciasdelasalud.uc.cl/es,HTTP 404,2026-08-19T23:41:26.031274Z
Medicina,advertencia,meta_descripcion_ausente,https://medicina.uc.cl/extension-y-vinculacion-con-el-medio/vinculacion-con-el-medio/asesorias-y-servicios,,2026-08-19T23:41:26.031274Z
Medicina,advertencia,meta_descripcion_ausente,https://medicina.uc.cl/virus-respiratorios,,2026-08-19T23:41:26.031274Z
Medicina,advertencia,meta_descripcion_ausente,https://medicina.uc.cl/category/investigacion,,2026-08-19T23:41:26.031274Z
Medicina,advertencia,meta_titulo_largo_incorrecto,https://medicina.uc.cl/postgrado,"9 caracteres: ""Postgrado""",2026-08-19T23:41:26.031274Z
Medicina,advertencia,meta_titulo_largo_incorrecto,https://medicina.uc.cl/extension-y-vinculacion-con-el-medio/extension/noticias/de-la-ciencia-al-paciente-y-del-paciente-a-la-ciencia-academicos-uc-lideran-una-nueva-forma-de-formar-investigadores-en-epilepsia,"155 caracteres: ""De la ciencia al paciente y del paciente a la ciencia: Académicos UC lideran una nueva forma de capacitar investigadores en epilepsia - Escuela de Medicina""",2026-08-19T23:41:26.031274Z
Medicina,advertencia,meta_descripcion_ausente,https://medicina.uc.cl/extension-y-vinculacion-con-el-medio/extension/noticias/de-la-ciencia-al-paciente-y-del-paciente-a-la-ciencia-academicos-uc-lideran-una-nueva-forma-de-formar-investigadores-en-epilepsia,,2026-08-19T23:41:26.031274Z
Medicina,advertencia,meta_descripcion_ausente,https://medicina.uc.cl/postgrado/acreditacion,,2026-08-19T23:41:26.031274Z
Medicina,advertencia,meta_descripcion_ausente,https://medicina.uc.cl/extension-y-vinculacion-con-el-medio/extension/diplomados-y-cursos,,2026-08-19T23:41:26.031274Z
Medicina,advertencia,meta_titulo_largo_incorrecto,https://medicina.uc.cl/publicacion/antimicrobials-in-serious-illness-and-end-of-life-care-lifting-the-veil-of-silence,"105 caracteres: ""Antimicrobials in serious illness and end-of-life care: lifting the veil of silence - Escuela de Medicina""",2026-08-19T23:41:26.031274Z
Medicina,advertencia,meta_descripcion_ausente,https://medicina.uc.cl/publicacion/antimicrobials-in-serious-illness-and-end-of-life-care-lifting-the-veil-of-silence,,2026-08-19T23:41:26.031274Z
Medicina,advertencia,meta_titulo_largo_incorrecto,https://medicina.uc.cl/extension-y-vinculacion-con-el-medio/extension/noticias/delegacion-de-la-escuela-de-medicina-uc-realiza-operativo-oftalmologico-en-chad-y-renueva-convenio-con-el-hospitalario-universitario-el-buen-samaritano,"174 caracteres: ""Delegación de la Escuela de Medicina UC realiza operativo oftalmológico en Chad y renueva convenio con el Hospitalario Universitario El Buen Samaritano  - Escuela de Medicina""",2026-08-19T23:41:26.031274Z
Medicina,advertencia,meta_descripcion_ausente,https://medicina.uc.cl/extension-y-vinculacion-con-el-medio/extension/noticias/delegacion-de-la-escuela-de-medicina-uc-realiza-operativo-oftalmologico-en-chad-y-renueva-convenio-con-el-hospitalario-universitario-el-buen-samaritano,,2026-08-19T23:41:26.031274Z
Medicina,advertencia,meta_titulo_largo_incorrecto,https://medicina.uc.cl/extension-y-vinculacion-con-el-medio/extension/noticias/cientificas-chilenas-reconstruyen-por-primera-vez-la-historia-genetica-del-virus-andes-causante-del-hantavirus-en-chile,"142 caracteres: ""Científicas chilenas reconstruyen por primera vez la historia genética del virus Andes, causante del hantavirus en Chile - Escuela de Medicina""",2026-08-19T23:41:26.031274Z
Medicina,advertencia,meta_descripcion_ausente,https://medicina.uc.cl/extension-y-vinculacion-con-el-medio/extension/noticias/cientificas-chilenas-reconstruyen-por-primera-vez-la-historia-genetica-del-virus-andes-causante-del-hantavirus-en-chile,,2026-08-19T23:41:26.031274Z
Medicina,advertencia,meta_titulo_largo_incorrecto,https://medicina.uc.cl/publicacion/sindrome-de-ovario-poliquistico-en-la-adolescencia-como-diagnosticarlo,"95 caracteres: ""Síndrome de ovario poliquístico en la adolescencia, ¿cómo diagnosticarlo? - Escuela de Medicina""",2026-08-19T23:41:26.031274Z
Medicina,advertencia,meta_descripcion_ausente,https://medicina.uc.cl/publicacion/sindrome-de-ovario-poliquistico-en-la-adolescencia-como-diagnosticarlo,,2026-08-19T23:41:26.031274Z
Medicina,advertencia,meta_titulo_largo_incorrecto,https://medicina.uc.cl/evento/ii-curso-internacional-de-endoscopia-digestiva-y-enfermeria-endoscopica-i-encuentro-academico-agrupacion-de-mujeres-endoscopistas-de-chile,"161 caracteres: ""II Curso Internacional de Endoscopia Digestiva y Enfermería Endoscópica, I Encuentro Académico Agrupación de Mujeres Endoscopistas de Chile - Escuela de Medicina""",2026-08-19T23:41:26.031274Z
Medicina,advertencia,meta_descripcion_largo_incorrecto,https://medicina.uc.cl/evento/ii-curso-internacional-de-endoscopia-digestiva-y-enfermeria-endoscopica-i-encuentro-academico-agrupacion-de-mujeres-endoscopistas-de-chile,1092 caracteres,2026-08-19T23:41:26.031274Z
Medicina,advertencia,meta_titulo_largo_incorrecto,https://medicina.uc.cl/extension-y-vinculacion-con-el-medio/vinculacion-con-el-medio/alumni,"6 caracteres: ""Alumni""",2026-08-19T23:41:26.031274Z
Medicina,advertencia,meta_descripcion_ausente,https://medicina.uc.cl/extension-y-vinculacion-con-el-medio/vinculacion-con-el-medio/alumni,,2026-08-19T23:41:26.031274Z
Medicina,advertencia,meta_titulo_duplicado,"https://medicina.uc.cl/, https://medicina.uc.cl","""Escuela de Medicina""",2026-08-19T23:41:26.031274Z
Medicina,advertencia,meta_titulo_duplicado,"https://medicina.uc.cl/pregrado/acreditacion, https://medicina.uc.cl/postgrado/acreditacion","""Acreditación""",2026-08-19T23:41:26.031274Z
Medicina,advertencia,link_externo_no_verificable,http://bibliotecas.uc.cl,HTTP 403,2026-08-19T23:41:26.031274Z
Medicina,advertencia,link_externo_no_verificable,https://onlinelibrary.wiley.com/doi/10.1002/epi4.70282,HTTP 403,2026-08-19T23:41:26.031274Z
Medicina,advertencia,link_externo_no_verificable,https://medicinaveterinaria.uc.cl,HTTP 403,2026-08-19T23:41:26.031274Z
Medicina,advertencia,link_externo_no_verificable,https://protecciondedatos.uc.cl/politicas,HTTP 403,2026-08-19T23:41:26.031274Z
Medicina,advertencia,link_interno_no_verificable,https://medicina.uc.cl/pregrado/asuntos-estudiantiles/beneficios-estudiantiles,TooManyRedirects: Exceeded 30 redirects.,2026-08-19T23:41:26.031274Z
Medicina,advertencia,documento_no_verificable,https://uccl0-my.sharepoint.com/:w:/r/personal/magouborde_uc_cl/Documents/2026/ESCUELA%20DE%20MEDICINA/DIVISIONES/NOTAS%26POSTS/INTERDISCIPLINARIAS/GENOMAS%20HANTAVIRUS/Nota%20Hantavirus%20Jenniffer%20Angulo.docx?d=w378aaa084b834660902c6f356214f769&csf=1&web=1&e=r3wx2B&nav=eyJoIjoiMTEwMTg0NzYxNCJ9,HTTP 403,2026-08-19T23:41:26.031274Z
Facultad de Medicina,error,link_externo_roto,http://odontologia.uc.cl/index.php/Actividades-extension,HTTP 404,2026-08-19T23:41:26.031274Z
Facultad de Medicina,error,link_externo_roto,https://odontologia.lib.uc.cl/noticias/gran-participacion-en-cursos-de-educacion-continua-odontologia-uc,"ConnectionError: HTTPSConnectionPool(host='odontologia.lib.uc.cl', port=443): Max retries exceeded with url: /noticias/gran-participacion-en-cursos-de-educacion-continua-odontologia-uc (Caused by NameResolutionError(""HTTPSConnection(host='odontologia.lib.uc.cl', port=443): Failed to resolve 'odontologia.lib.uc.cl' ([Errno 8] nodename nor servname provided, or not known)""))",2026-08-19T23:41:26.031274Z
Facultad de Medicina,error,link_externo_roto,https://odontologia.lib.uc.cl/noticias/docentes-de-odontologia-uc-exponen-sobre-politicas-publicas-que-favorecen-la-salud-bucal,"ConnectionError: HTTPSConnectionPool(host='odontologia.lib.uc.cl', port=443): Max retries exceeded with url: /noticias/docentes-de-odontologia-uc-exponen-sobre-politicas-publicas-que-favorecen-la-salud-bucal (Caused by NameResolutionError(""HTTPSConnection(host='odontologia.lib.uc.cl', port=443): Failed to resolve 'odontologia.lib.uc.cl' ([Errno 8] nodename nor servname provided, or not known)""))",2026-08-19T23:41:26.031274Z
Facultad de Medicina,error,link_externo_roto,http://odontologia.uc.cl/estadias-y-visitas.html,HTTP 404,2026-08-19T23:41:26.031274Z
Facultad de Medicina,error,link_externo_roto,http://www.educacioncontinua.uc.cl/cursos-y-seminarios-por-facultad.php?facultad=4598&sub_facultad=6810&o=4598&programas=empezados,HTTP 404,2026-08-19T23:41:26.031274Z
Facultad de Medicina,error,link_externo_roto,https://odontologia.lib.uc.cl/noticias/en-su-10a-version-odontomovil-atendio-a-300-personas-de-forma-gratuita,"ConnectionError: HTTPSConnectionPool(host='odontologia.lib.uc.cl', port=443): Max retries exceeded with url: /noticias/en-su-10a-version-odontomovil-atendio-a-300-personas-de-forma-gratuita (Caused by NameResolutionError(""HTTPSConnection(host='odontologia.lib.uc.cl', port=443): Failed to resolve 'odontologia.lib.uc.cl' ([Errno 8] nodename nor servname provided, or not known)""))",2026-08-19T23:41:26.031274Z
Facultad de Medicina,error,link_externo_roto,https://odontologia.lib.uc.cl/noticias/odontologia-uc-titula-a-su-quinta-generacion-de-cirujanos-dentistas,"ConnectionError: HTTPSConnectionPool(host='odontologia.lib.uc.cl', port=443): Max retries exceeded with url: /noticias/odontologia-uc-titula-a-su-quinta-generacion-de-cirujanos-dentistas (Caused by NameResolutionError(""HTTPSConnection(host='odontologia.lib.uc.cl', port=443): Failed to resolve 'odontologia.lib.uc.cl' ([Errno 8] nodename nor servname provided, or not known)""))",2026-08-19T23:41:26.031274Z
Facultad de Medicina,error,link_externo_roto,https://enfermeria.uc.cl/educacion-continua/cursos,HTTP 404,2026-08-19T23:41:26.031274Z
Facultad de Medicina,error,link_externo_roto,http://medicina.uc.cl/escuela/relaciones-internacionales,HTTP 404,2026-08-19T23:41:26.031274Z
Facultad de Medicina,error,link_externo_roto,http://odontologia.uc.cl/index.php/Postgrado-y-Extension/bienvenida-de-la-directora-de-postgrado-y-extension.html,HTTP 404,2026-08-19T23:41:26.031274Z
Facultad de Medicina,error,link_externo_roto,http://odontologia.uc.cl/Diplomados/diplomados-educacion-continua-uc.html,HTTP 404,2026-08-19T23:41:26.031274Z
Facultad de Medicina,error,link_externo_roto,https://correo.uc.cl,HTTP 404,2026-08-19T23:41:26.031274Z
Facultad de Medicina,error,link_externo_roto,http://enfermeria.uc.cl/asuntos-internacionales,HTTP 404,2026-08-19T23:41:26.031274Z
Facultad de Medicina,error,link_interno_roto,https://facultadmedicina.uc.cl/facultad-de-medicina/infraestrucutra/campus/edificio-academico,HTTP 404,2026-08-19T23:41:26.031274Z
Facultad de Medicina,error,imagen_roto,https://odontologia.lib.uc.cl/wp-content/uploads/2019/01/Seminario-Politicas-Publicas-e1548356326531-600x400.jpg,"ConnectionError: HTTPSConnectionPool(host='odontologia.lib.uc.cl', port=443): Max retries exceeded with url: /wp-content/uploads/2019/01/Seminario-Politicas-Publicas-e1548356326531-600x400.jpg (Caused by NameResolutionError(""HTTPSConnection(host='odontologia.lib.uc.cl', port=443): Failed to resolve 'odontologia.lib.uc.cl' ([Errno 8] nodename nor servname provided, or not known)""))",2026-08-19T23:41:26.031274Z
Facultad de Medicina,error,imagen_roto,https://odontologia.lib.uc.cl/wp-content/uploads/2019/01/meUNRpc-e1548268787587-600x400.jpeg,"ConnectionError: HTTPSConnectionPool(host='odontologia.lib.uc.cl', port=443): Max retries exceeded with url: /wp-content/uploads/2019/01/meUNRpc-e1548268787587-600x400.jpeg (Caused by NameResolutionError(""HTTPSConnection(host='odontologia.lib.uc.cl', port=443): Failed to resolve 'odontologia.lib.uc.cl' ([Errno 8] nodename nor servname provided, or not known)""))",2026-08-19T23:41:26.031274Z
Facultad de Medicina,error,imagen_roto,https://odontologia.lib.uc.cl/wp-content/uploads/2019/01/nGKUWpS-600x400.jpeg,"ConnectionError: HTTPSConnectionPool(host='odontologia.lib.uc.cl', port=443): Max retries exceeded with url: /wp-content/uploads/2019/01/nGKUWpS-600x400.jpeg (Caused by NameResolutionError(""HTTPSConnection(host='odontologia.lib.uc.cl', port=443): Failed to resolve 'odontologia.lib.uc.cl' ([Errno 8] nodename nor servname provided, or not known)""))",2026-08-19T23:41:26.031274Z
Facultad de Medicina,error,imagen_roto,https://odontologia.lib.uc.cl/wp-content/uploads/2019/01/Odontomóvil-2019-600x400.jpg,"ConnectionError: HTTPSConnectionPool(host='odontologia.lib.uc.cl', port=443): Max retries exceeded with url: /wp-content/uploads/2019/01/Odontom%C3%B3vil-2019-600x400.jpg (Caused by NameResolutionError(""HTTPSConnection(host='odontologia.lib.uc.cl', port=443): Failed to resolve 'odontologia.lib.uc.cl' ([Errno 8] nodename nor servname provided, or not known)""))",2026-08-19T23:41:26.031274Z
Facultad de Medicina,error,imagen_roto,http://medicina.uc.cl/images/stories/investigacion/esquema-cicuc-registro-unico.jpg,HTTP 404,2026-08-19T23:41:26.031274Z
Facultad de Medicina,advertencia,meta_descripcion_ausente,https://facultadmedicina.uc.cl/,,2026-08-19T23:41:26.031274Z
Facultad de Medicina,advertencia,meta_titulo_largo_incorrecto,https://facultadmedicina.uc.cl/centros-y-programas/centro-de-educacion-medica-y-ciencias-de-la-salud,"72 caracteres: ""Centro de Educación Médica y Ciencias de la Salud - Facultad de Medicina""",2026-08-19T23:41:26.031274Z
Facultad de Medicina,advertencia,meta_descripcion_ausente,https://facultadmedicina.uc.cl/90-anos-facultad-de-medicina,,2026-08-19T23:41:26.031274Z
Facultad de Medicina,advertencia,link_externo_no_verificable,https://onlinelibrary.wiley.com/doi/10.1111/eje.12876,HTTP 403,2026-08-19T23:41:26.031274Z
Facultad de Medicina,advertencia,link_externo_no_verificable,https://cddoc.uc.cl/programas/proceso-de-convalidacion,HTTP 403,2026-08-19T23:41:26.031274Z
Facultad de Medicina,advertencia,link_externo_no_verificable,https://www.uc.cl/politica-de-privacidad,HTTP 403,2026-08-19T23:41:26.031274Z
Facultad de Medicina,advertencia,link_externo_no_verificable,http://bibliotecas.uc.cl,HTTP 403,2026-08-19T23:41:26.031274Z
Facultad de Medicina,advertencia,link_externo_no_verificable,http://journal.publications.chestnet.org/article.aspx?articleid=1085022,HTTP 403,2026-08-19T23:41:26.031274Z
Odontología,error,link_externo_roto,https://vidauniversitaria.uc.cl/389-manual-estudianteuc-2022/file,HTTP 404,2026-08-19T23:41:26.031274Z
Odontología,error,link_interno_roto,https://odontologia.uc.cl/intranet,HTTP 404,2026-08-19T23:41:26.031274Z
Odontología,error,link_externo_roto,https://correo.uc.cl,HTTP 404,2026-08-19T23:41:26.031274Z
Odontología,error,link_interno_roto,https://odontologia.uc.cl/pregrado/contacto-pregrado,HTTP 404,2026-08-19T23:41:26.031274Z
Odontología,error,link_externo_roto,https://cienciasdelasalud.uc.cl/es,HTTP 404,2026-08-19T23:41:26.031274Z
Odontología,advertencia,meta_titulo_largo_incorrecto,https://odontologia.uc.cl/dr-bruno-nervi-nattero-nuevo-decano-de-la-facultad-de-medicina-uc,"92 caracteres: ""Dr. Bruno Nervi Nattero: Nuevo Decano de la Facultad de Medicina UC - Escuela de Odontología""",2026-08-19T23:41:26.031274Z
Odontología,advertencia,meta_descripcion_ausente,https://odontologia.uc.cl/dr-bruno-nervi-nattero-nuevo-decano-de-la-facultad-de-medicina-uc,,2026-08-19T23:41:26.031274Z
Odontología,advertencia,meta_descripcion_ausente,https://odontologia.uc.cl/clinica-docente/especialidades,,2026-08-19T23:41:26.031274Z
Odontología,advertencia,meta_titulo_largo_incorrecto,https://odontologia.uc.cl/pregrado/admision,"8 caracteres: ""Admisión""",2026-08-19T23:41:26.031274Z
Odontología,advertencia,meta_titulo_largo_incorrecto,https://odontologia.uc.cl/inclusion-y-atencion-integral-la-labor-odontologica-para-personas-con-necesidades-especiales,"118 caracteres: ""Inclusión y atención integral: La labor odontológica para personas con necesidades especiales - Escuela de Odontología""",2026-08-19T23:41:26.031274Z
Odontología,advertencia,meta_descripcion_ausente,https://odontologia.uc.cl/inclusion-y-atencion-integral-la-labor-odontologica-para-personas-con-necesidades-especiales,,2026-08-19T23:41:26.031274Z
Odontología,advertencia,meta_titulo_largo_incorrecto,https://odontologia.uc.cl/ia-aplicada-en-recopilacion-de-datos-y-determinantes-estructurales-en-salud-oral-el-fortalecimiento-de-investigacion-en-odontologia-uc,"160 caracteres: ""IA aplicada en recopilación de datos y determinantes estructurales en salud oral: El fortalecimiento de investigación en Odontología UC - Escuela de Odontología""",2026-08-19T23:41:26.031274Z
Odontología,advertencia,meta_descripcion_ausente,https://odontologia.uc.cl/ia-aplicada-en-recopilacion-de-datos-y-determinantes-estructurales-en-salud-oral-el-fortalecimiento-de-investigacion-en-odontologia-uc,,2026-08-19T23:41:26.031274Z
Odontología,advertencia,meta_descripcion_ausente,https://odontologia.uc.cl/clinica-docente/docencia,,2026-08-19T23:41:26.031274Z
Odontología,advertencia,meta_descripcion_ausente,https://odontologia.uc.cl/agenda,,2026-08-19T23:41:26.031274Z
Odontología,advertencia,meta_titulo_largo_incorrecto,https://odontologia.uc.cl/educacion-continua/cursos,"6 caracteres: ""Cursos""",2026-08-19T23:41:26.031274Z
Odontología,advertencia,meta_titulo_largo_incorrecto,https://odontologia.uc.cl/pregrado,"8 caracteres: ""Pregrado""",2026-08-19T23:41:26.031274Z
Odontología,advertencia,meta_titulo_largo_incorrecto,https://odontologia.uc.cl/postgrado/contacto,"8 caracteres: ""Contacto""",2026-08-19T23:41:26.031274Z
Odontología,advertencia,meta_titulo_largo_incorrecto,https://odontologia.uc.cl/nuestra-escuela/nosotros,"8 caracteres: ""Nosotros""",2026-08-19T23:41:26.031274Z
Odontología,advertencia,meta_titulo_largo_incorrecto,https://odontologia.uc.cl/ocho-acreditaciones-obtenidas-odontologia-uc-logra-certificacion-total-de-programas-de-pre-y-postgrado,"128 caracteres: ""Ocho acreditaciones obtenidas: Odontología UC logra certificación total de programas de pre y postgrado - Escuela de Odontología""",2026-08-19T23:41:26.031274Z
Odontología,advertencia,meta_descripcion_ausente,https://odontologia.uc.cl/ocho-acreditaciones-obtenidas-odontologia-uc-logra-certificacion-total-de-programas-de-pre-y-postgrado,,2026-08-19T23:41:26.031274Z
Odontología,advertencia,meta_titulo_largo_incorrecto,https://odontologia.uc.cl/acercando-la-salud-en-5-regiones-del-pais-voluntariados-de-odontologia-uc-realizan-operativos-dentales,"128 caracteres: ""Acercando la salud en 5 regiones del país: Voluntariados de Odontología UC realizan operativos dentales - Escuela de Odontología""",2026-08-19T23:41:26.031274Z
Odontología,advertencia,meta_descripcion_ausente,https://odontologia.uc.cl/acercando-la-salud-en-5-regiones-del-pais-voluntariados-de-odontologia-uc-realizan-operativos-dentales,,2026-08-19T23:41:26.031274Z
Odontología,advertencia,meta_descripcion_ausente,https://odontologia.uc.cl/postgrado/equipo-postgrado,,2026-08-19T23:41:26.031274Z
Odontología,advertencia,link_externo_no_verificable,https://registrosacademicos.uc.cl/informacion-para-estudiantes,HTTP 403,2026-08-19T23:41:26.031274Z
Odontología,advertencia,link_externo_no_verificable,http://bibliotecas.uc.cl,HTTP 403,2026-08-19T23:41:26.031274Z
Odontología,advertencia,link_externo_no_verificable,https://cl.linkedin.com/company/escuela-de-odontolog%C3%ADa-uc,HTTP 999,2026-08-19T23:41:26.031274Z
Odontología,advertencia,link_externo_no_verificable,https://registrosacademicos.uc.cl/calendario,HTTP 403,2026-08-19T23:41:26.031274Z
Odontología,advertencia,link_externo_no_verificable,https://protecciondedatos.uc.cl/politicas,HTTP 403,2026-08-19T23:41:26.031274Z
Odontología,advertencia,link_externo_no_verificable,https://internacionalizacion.uc.cl,"ReadTimeout: HTTPSConnectionPool(host='internacionalizacion.uc.cl', port=443): Read timed out. (read timeout=12)",2026-08-19T23:41:26.031274Z
Kinesiología,error,link_externo_roto,https://webaccess.uc.cl/simplesaml/index.php,HTTP 404,2026-08-19T23:41:26.031274Z
Kinesiología,error,link_externo_roto,https://webaccess.uc.cl,HTTP 404,2026-08-19T23:41:26.031274Z
Kinesiología,error,link_externo_roto,http://www.quimica.uc.cl,"ConnectionError: HTTPConnectionPool(host='www.quimica.uc.cl', port=80): Max retries exceeded with url: / (Caused by NameResolutionError(""HTTPConnection(host='www.quimica.uc.cl', port=80): Failed to resolve 'www.quimica.uc.cl' ([Errno 8] nodename nor servname provided, or not known)""))",2026-08-19T23:41:26.031274Z
Kinesiología,error,link_externo_roto,http://www.estudiosurbanos.uc.cl,"ConnectionError: HTTPConnectionPool(host='www.estudiosurbanos.uc.cl', port=80): Max retries exceeded with url: / (Caused by NameResolutionError(""HTTPConnection(host='www.estudiosurbanos.uc.cl', port=80): Failed to resolve 'www.estudiosurbanos.uc.cl' ([Errno 8] nodename nor servname provided, or not known)""))",2026-08-19T23:41:26.031274Z
Kinesiología,error,link_externo_roto,http://www7.uc.cl/sociologia,HTTP 404,2026-08-19T23:41:26.031274Z
Kinesiología,error,documento_roto,http://secretariageneral.uc.cl/images/2_-_Estatutos_Generales_de_la_PUC_actualizado13octubre2017.pdf,HTTP 404,2026-08-19T23:41:26.031274Z
Kinesiología,error,documento_roto,http://secretariageneral.uc.cl/images/Declaracion_de_Principios_UC_actualizadoel28022018.pdf,HTTP 404,2026-08-19T23:41:26.031274Z
Kinesiología,advertencia,meta_descripcion_ausente,https://kinesiologia.uc.cl/,,2026-08-19T23:41:26.031274Z
Kinesiología,advertencia,meta_descripcion_ausente,https://kinesiologia.uc.cl/ciclo-de-charlas,,2026-08-19T23:41:26.031274Z
Kinesiología,advertencia,meta_descripcion_ausente,https://kinesiologia.uc.cl/pregrado/admision,,2026-08-19T23:41:26.031274Z
Kinesiología,advertencia,meta_descripcion_ausente,https://kinesiologia.uc.cl/estudiantes/intercambio-estudiantil,,2026-08-19T23:41:26.031274Z
Kinesiología,advertencia,meta_descripcion_ausente,https://kinesiologia.uc.cl/kinesiologia/campo-laboral,,2026-08-19T23:41:26.031274Z
Kinesiología,advertencia,meta_descripcion_ausente,https://kinesiologia.uc.cl/investigacion/proyectos-en-desarrollo,,2026-08-19T23:41:26.031274Z
Kinesiología,advertencia,meta_titulo_largo_incorrecto,https://kinesiologia.uc.cl/kinesiologia/relaciones-internacionales,"67 caracteres: ""Relaciones Internacionales - Kinesiología UC - Facultad de Medicina""",2026-08-19T23:41:26.031274Z
Kinesiología,advertencia,meta_descripcion_ausente,https://kinesiologia.uc.cl/kinesiologia/relaciones-internacionales,,2026-08-19T23:41:26.031274Z
Kinesiología,advertencia,meta_descripcion_ausente,https://kinesiologia.uc.cl/estudiantes/centro-de-estudiantes,,2026-08-19T23:41:26.031274Z
Kinesiología,advertencia,meta_descripcion_ausente,https://kinesiologia.uc.cl/educacion-continua/diplomados,,2026-08-19T23:41:26.031274Z
Kinesiología,advertencia,meta_descripcion_ausente,https://kinesiologia.uc.cl/camposclinicos,,2026-08-19T23:41:26.031274Z
Kinesiología,advertencia,meta_descripcion_ausente,https://kinesiologia.uc.cl/pregrado/contacto,,2026-08-19T23:41:26.031274Z
Kinesiología,advertencia,meta_titulo_largo_incorrecto,https://kinesiologia.uc.cl/estudiantes/programa-de-acompanamiento-academico,"77 caracteres: ""Programa de Acompañamiento Académico - Kinesiología UC - Facultad de Medicina""",2026-08-19T23:41:26.031274Z
Kinesiología,advertencia,meta_descripcion_ausente,https://kinesiologia.uc.cl/estudiantes/programa-de-acompanamiento-academico,,2026-08-19T23:41:26.031274Z
Kinesiología,advertencia,meta_descripcion_ausente,https://kinesiologia.uc.cl/investigacion,,2026-08-19T23:41:26.031274Z
Kinesiología,advertencia,meta_titulo_largo_incorrecto,https://kinesiologia.uc.cl/educacion-continua/cursos/curso-basico-nivel-1-y-2-facilitacion-neuromuscular-propioceptiva-certificacion-oficial-de-la-ipnfa,"142 caracteres: ""Curso Básico Nivel 1 y 2 Facilitación Neuromuscular Propioceptiva. Certificación Oficial de la IPNFA. - Kinesiología UC - Facultad de Medicina""",2026-08-19T23:41:26.031274Z
Kinesiología,advertencia,meta_descripcion_ausente,https://kinesiologia.uc.cl/educacion-continua/cursos/curso-basico-nivel-1-y-2-facilitacion-neuromuscular-propioceptiva-certificacion-oficial-de-la-ipnfa,,2026-08-19T23:41:26.031274Z
Kinesiología,advertencia,meta_titulo_largo_incorrecto,https://kinesiologia.uc.cl/noticias/dr-bruno-nervi-nattero-nuevo-decano-de-la-facultad-de-medicina-uc,"108 caracteres: ""Dr. Bruno Nervi Nattero: Nuevo Decano de la Facultad de Medicina UC - Kinesiología UC - Facultad de Medicina""",2026-08-19T23:41:26.031274Z
Kinesiología,advertencia,meta_descripcion_ausente,https://kinesiologia.uc.cl/noticias/dr-bruno-nervi-nattero-nuevo-decano-de-la-facultad-de-medicina-uc,,2026-08-19T23:41:26.031274Z
Kinesiología,advertencia,meta_descripcion_ausente,https://kinesiologia.uc.cl,,2026-08-19T23:41:26.031274Z
Kinesiología,advertencia,meta_descripcion_ausente,https://kinesiologia.uc.cl/kinesiologia/infraestructura,,2026-08-19T23:41:26.031274Z
Kinesiología,advertencia,meta_titulo_largo_incorrecto,https://kinesiologia.uc.cl/postgrados-y-postitulos/magister-en-rehabilitacion-en-salud,"77 caracteres: ""Magíster en Rehabilitación en Salud  - Kinesiología UC - Facultad de Medicina""",2026-08-19T23:41:26.031274Z
Kinesiología,advertencia,meta_descripcion_ausente,https://kinesiologia.uc.cl/postgrados-y-postitulos/magister-en-rehabilitacion-en-salud,,2026-08-19T23:41:26.031274Z
Kinesiología,advertencia,meta_descripcion_ausente,https://kinesiologia.uc.cl/postgrados-y-postitulos,,2026-08-19T23:41:26.031274Z
Kinesiología,advertencia,meta_descripcion_ausente,https://kinesiologia.uc.cl/nanocursos,,2026-08-19T23:41:26.031274Z
Kinesiología,advertencia,meta_descripcion_ausente,https://kinesiologia.uc.cl/pregrado/perfil-de-egreso,,2026-08-19T23:41:26.031274Z
Kinesiología,advertencia,meta_titulo_largo_incorrecto,https://kinesiologia.uc.cl/camposclinicos/otros-campos-clinicos,"73 caracteres: ""Campos Clínicos en el Extranjero - Kinesiología UC - Facultad de Medicina""",2026-08-19T23:41:26.031274Z
Kinesiología,advertencia,meta_descripcion_ausente,https://kinesiologia.uc.cl/camposclinicos/otros-campos-clinicos,,2026-08-19T23:41:26.031274Z
Kinesiología,advertencia,meta_descripcion_ausente,https://kinesiologia.uc.cl/educacion-continua/contacto,,2026-08-19T23:41:26.031274Z
Kinesiología,advertencia,meta_descripcion_ausente,https://kinesiologia.uc.cl/educacion-continua,,2026-08-19T23:41:26.031274Z
Kinesiología,advertencia,meta_titulo_largo_incorrecto,https://kinesiologia.uc.cl/noticias/sirve-la-pausa-de-hidratacion-kinesiologos-uc-evaluan-la-eficacia-de-la-medida-mas-polemica-del-mundial,"146 caracteres: ""¿Sirve la pausa de hidratación? Kinesiólogos UC evalúan la eficacia de la medida más polémica del Mundial - Kinesiología UC - Facultad de Medicina""",2026-08-19T23:41:26.031274Z
Kinesiología,advertencia,meta_descripcion_ausente,https://kinesiologia.uc.cl/noticias/sirve-la-pausa-de-hidratacion-kinesiologos-uc-evaluan-la-eficacia-de-la-medida-mas-polemica-del-mundial,,2026-08-19T23:41:26.031274Z
Kinesiología,advertencia,meta_titulo_duplicado,"https://kinesiologia.uc.cl/, https://kinesiologia.uc.cl","""Kinesiología UC - Facultad de Medicina""",2026-08-19T23:41:26.031274Z
Kinesiología,advertencia,meta_titulo_duplicado,"https://kinesiologia.uc.cl/pregrado/contacto, https://kinesiologia.uc.cl/educacion-continua/contacto","""Contacto - Kinesiología UC - Facultad de Medicina""",2026-08-19T23:41:26.031274Z
Kinesiología,advertencia,link_externo_no_verificable,http://www.uc.cl/educacion,HTTP 403,2026-08-19T23:41:26.031274Z
Kinesiología,advertencia,link_externo_no_verificable,http://college.uc.cl,HTTP 403,2026-08-19T23:41:26.031274Z
Kinesiología,advertencia,link_externo_no_verificable,http://teatro.uc.cl,"ConnectTimeout: HTTPConnectionPool(host='teatro.uc.cl', port=80): Max retries exceeded with url: / (Caused by ConnectTimeoutError(<HTTPConnection(host='teatro.uc.cl', port=80) at 0x1088cc4f0>, 'Connection to teatro.uc.cl timed out. (connect timeout=12)'))",2026-08-19T23:41:26.031274Z
Kinesiología,advertencia,link_externo_no_verificable,http://historia.uc.cl,HTTP 403,2026-08-19T23:41:26.031274Z
Kinesiología,advertencia,link_externo_no_verificable,http://intranet.cienciasdelasalud.uc.cl/session,"ConnectionError: HTTPConnectionPool(host='intranet.cienciasdelasalud.uc.cl', port=80): Max retries exceeded with url: /session (Caused by NewConnectionError(""HTTPConnection(host='intranet.cienciasdelasalud.uc.cl', port=80): Failed to establish a new connection: [Errno 51] Network is unreachable""))",2026-08-19T23:41:26.031274Z
Kinesiología,advertencia,link_externo_no_verificable,http://comunicaciones.uc.cl,HTTP 403,2026-08-19T23:41:26.031274Z
Kinesiología,advertencia,link_externo_no_verificable,http://bibliotecas.uc.cl,HTTP 403,2026-08-19T23:41:26.031274Z
Kinesiología,advertencia,link_externo_no_verificable,http://relacionesinternacionales.uc.cl,"ReadTimeout: HTTPSConnectionPool(host='internacionalizacion.uc.cl', port=443): Read timed out. (read timeout=12)",2026-08-19T23:41:26.031274Z
Kinesiología,advertencia,link_externo_no_verificable,https://intranet.cienciasdelasalud.uc.cl/session,"ConnectionError: HTTPSConnectionPool(host='intranet.cienciasdelasalud.uc.cl', port=443): Max retries exceeded with url: /session (Caused by NewConnectionError(""HTTPSConnection(host='intranet.cienciasdelasalud.uc.cl', port=443): Failed to establish a new connection: [Errno 51] Network is unreachable""))",2026-08-19T23:41:26.031274Z
Kinesiología,advertencia,link_externo_no_verificable,http://observatorionuevaevangelizacion.uc.cl/wp,"ReadTimeout: HTTPConnectionPool(host='observatorionuevaevangelizacion.uc.cl', port=80): Read timed out. (read timeout=12)",2026-08-19T23:41:26.031274Z
Kinesiología,advertencia,link_externo_no_verificable,http://www.cienciapolitica.uc.cl,HTTP 403,2026-08-19T23:41:26.031274Z
Kinesiología,advertencia,link_externo_no_verificable,http://relacionesinternacionales.uc.cl/alumnos-uc/pregrado,"ReadTimeout: HTTPSConnectionPool(host='internacionalizacion.uc.cl', port=443): Read timed out. (read timeout=12)",2026-08-19T23:41:26.031274Z
Kinesiología,advertencia,link_externo_no_verificable,http://www.uc.cl/es/politicas-de-privacidad,HTTP 403,2026-08-19T23:41:26.031274Z
Kinesiología,advertencia,link_externo_no_verificable,http://agronomia.uc.cl,HTTP 403,2026-08-19T23:41:26.031274Z
Kinesiología,advertencia,link_externo_no_verificable,http://diseno.uc.cl,HTTP 403,2026-08-19T23:41:26.031274Z
Kinesiología,advertencia,contenido_desactualizado,https://kinesiologia.uc.cl/educacion-continua/diplomados,"Menciona 2025: ""ente Diplomado en Kinesiología deportiva Admisión 2025 Diplomado en Kinesi""",2026-08-19T23:41:26.031274Z
Kinesiología,advertencia,contenido_desactualizado,https://kinesiologia.uc.cl/pregrado/perfil-de-egreso,"Menciona 2022: ""rfil de Egreso Carrera de Kinesiología | Admisión 2022 La kinesióloga o el""",2026-08-19T23:41:26.031274Z
Kinesiología,advertencia,contenido_desactualizado,https://kinesiologia.uc.cl/pregrado/perfil-de-egreso,"Menciona 2016: ""rfil de Egreso Carrera de Kinesiología | Admisión 2016 - 2021 El Kinesiólo""",2026-08-19T23:41:26.031274Z
Kinesiología,advertencia,contenido_desactualizado,https://kinesiologia.uc.cl/pregrado/perfil-de-egreso,"Menciona 2021: ""Egreso Carrera de Kinesiología | Admisión 2016 - 2021 El Kinesiólogo egre""",2026-08-19T23:41:26.031274Z
Fonoaudiología,error,link_externo_roto,https://webaccess.uc.cl/simplesaml/index.php,HTTP 404,2026-08-19T23:41:26.031274Z
Fonoaudiología,error,link_externo_roto,https://webaccess.uc.cl,HTTP 404,2026-08-19T23:41:26.031274Z
Fonoaudiología,error,link_externo_roto,http://www.quimica.uc.cl,"ConnectionError: HTTPConnectionPool(host='www.quimica.uc.cl', port=80): Max retries exceeded with url: / (Caused by NameResolutionError(""HTTPConnection(host='www.quimica.uc.cl', port=80): Failed to resolve 'www.quimica.uc.cl' ([Errno 8] nodename nor servname provided, or not known)""))",2026-08-19T23:41:26.031274Z
Fonoaudiología,error,link_externo_roto,https://www.eldesconcierto.cl/opinion/2023/09/21/dia-del-alzheimer-un-desafio-pendiente-en-chile.html,HTTP 404,2026-08-19T23:41:26.031274Z
Fonoaudiología,error,link_externo_roto,https://doi.org/10.1590/1982-0216/20212310719.,HTTP 404,2026-08-19T23:41:26.031274Z
Fonoaudiología,error,link_externo_roto,http://www.uc.cl/alumnos/4712-postula-en-linea-al-intercambio-estudiantil,HTTP 404,2026-08-19T23:41:26.031274Z
Fonoaudiología,error,link_externo_roto,http://www.estudiosurbanos.uc.cl,"ConnectionError: HTTPConnectionPool(host='www.estudiosurbanos.uc.cl', port=80): Max retries exceeded with url: / (Caused by NameResolutionError(""HTTPConnection(host='www.estudiosurbanos.uc.cl', port=80): Failed to resolve 'www.estudiosurbanos.uc.cl' ([Errno 8] nodename nor servname provided, or not known)""))",2026-08-19T23:41:26.031274Z
Fonoaudiología,error,link_externo_roto,http://www7.uc.cl/sociologia,HTTP 404,2026-08-19T23:41:26.031274Z
Fonoaudiología,error,documento_roto,http://secretariageneral.uc.cl/images/Declaracion_de_Principios_UC_actualizadoel28022018.pdf,HTTP 404,2026-08-19T23:41:26.031274Z
Fonoaudiología,error,documento_roto,http://secretariageneral.uc.cl/images/2_-_Estatutos_Generales_de_la_PUC_actualizado13octubre2017.pdf,HTTP 404,2026-08-19T23:41:26.031274Z
Fonoaudiología,advertencia,meta_titulo_largo_incorrecto,https://fonoaudiologia.uc.cl/campos-clinicos/campos-clinicos-asociados,"68 caracteres: ""Campos Clínicos Asociados - Fonoaudiología UC - Facultad de Medicina""",2026-08-19T23:41:26.031274Z
Fonoaudiología,advertencia,meta_descripcion_ausente,https://fonoaudiologia.uc.cl/campos-clinicos/campos-clinicos-asociados,,2026-08-19T23:41:26.031274Z
Fonoaudiología,advertencia,meta_descripcion_ausente,https://fonoaudiologia.uc.cl/noticias,,2026-08-19T23:41:26.031274Z
Fonoaudiología,advertencia,meta_titulo_largo_incorrecto,https://fonoaudiologia.uc.cl/postgrado-y-educacion-continua/magister-en-rehabilitacion-en-salud,"78 caracteres: ""Magíster en Rehabilitación en Salud - Fonoaudiología UC - Facultad de Medicina""",2026-08-19T23:41:26.031274Z
Fonoaudiología,advertencia,meta_descripcion_ausente,https://fonoaudiologia.uc.cl/postgrado-y-educacion-continua/magister-en-rehabilitacion-en-salud,,2026-08-19T23:41:26.031274Z
Fonoaudiología,advertencia,meta_descripcion_ausente,https://fonoaudiologia.uc.cl/pregrado/perfil-de-egreso,,2026-08-19T23:41:26.031274Z
Fonoaudiología,advertencia,meta_titulo_largo_incorrecto,https://fonoaudiologia.uc.cl/campos-clinicos/campos-clinicos-externos,"67 caracteres: ""Campos Clínicos Externos - Fonoaudiología UC - Facultad de Medicina""",2026-08-19T23:41:26.031274Z
Fonoaudiología,advertencia,meta_descripcion_ausente,https://fonoaudiologia.uc.cl/campos-clinicos/campos-clinicos-externos,,2026-08-19T23:41:26.031274Z
Fonoaudiología,advertencia,meta_titulo_largo_incorrecto,https://fonoaudiologia.uc.cl/investigacion/unidad-cientifica-de-estudiantes,"75 caracteres: ""Unidad Científica de Estudiantes - Fonoaudiología UC - Facultad de Medicina""",2026-08-19T23:41:26.031274Z
Fonoaudiología,advertencia,meta_descripcion_ausente,https://fonoaudiologia.uc.cl/investigacion/unidad-cientifica-de-estudiantes,,2026-08-19T23:41:26.031274Z
Fonoaudiología,advertencia,meta_descripcion_ausente,https://fonoaudiologia.uc.cl/fonoaudiologia/academicos,,2026-08-19T23:41:26.031274Z
Fonoaudiología,advertencia,meta_descripcion_ausente,https://fonoaudiologia.uc.cl/estudiantes/centro-de-estudiantes,,2026-08-19T23:41:26.031274Z
Fonoaudiología,advertencia,meta_descripcion_ausente,https://fonoaudiologia.uc.cl/fonoaudiologia/contacto,,2026-08-19T23:41:26.031274Z
Fonoaudiología,advertencia,meta_descripcion_ausente,https://fonoaudiologia.uc.cl/estudiantes/programa-ayudantia,,2026-08-19T23:41:26.031274Z
Fonoaudiología,advertencia,meta_titulo_largo_incorrecto,https://fonoaudiologia.uc.cl/equipo-educacion-continua,"68 caracteres: ""Equipo Educación Continua - Fonoaudiología UC - Facultad de Medicina""",2026-08-19T23:41:26.031274Z
Fonoaudiología,advertencia,meta_descripcion_ausente,https://fonoaudiologia.uc.cl/equipo-educacion-continua,,2026-08-19T23:41:26.031274Z
Fonoaudiología,advertencia,meta_titulo_largo_incorrecto,https://fonoaudiologia.uc.cl/fonoaudiologia/direccion-de-calidad-y-mejora-continua,"68 caracteres: ""Calidad y Mejora Continua - Fonoaudiología UC - Facultad de Medicina""",2026-08-19T23:41:26.031274Z
Fonoaudiología,advertencia,meta_descripcion_ausente,https://fonoaudiologia.uc.cl/fonoaudiologia/direccion-de-calidad-y-mejora-continua,,2026-08-19T23:41:26.031274Z
Fonoaudiología,advertencia,meta_descripcion_ausente,https://fonoaudiologia.uc.cl/educacion-continua/bootcamps,,2026-08-19T23:41:26.031274Z
Fonoaudiología,advertencia,meta_descripcion_ausente,https://fonoaudiologia.uc.cl/estudiantes/reglamentos-internos,,2026-08-19T23:41:26.031274Z
Fonoaudiología,advertencia,meta_descripcion_ausente,https://fonoaudiologia.uc.cl/estudiantes,,2026-08-19T23:41:26.031274Z
Fonoaudiología,advertencia,meta_descripcion_ausente,https://fonoaudiologia.uc.cl/fonoaudiologia/por-que-en-la-uc,,2026-08-19T23:41:26.031274Z
Fonoaudiología,advertencia,meta_titulo_largo_incorrecto,https://fonoaudiologia.uc.cl/vinculacion-con-el-medio,"67 caracteres: ""Vinculación con el Medio - Fonoaudiología UC - Facultad de Medicina""",2026-08-19T23:41:26.031274Z
Fonoaudiología,advertencia,meta_descripcion_ausente,https://fonoaudiologia.uc.cl/vinculacion-con-el-medio,,2026-08-19T23:41:26.031274Z
Fonoaudiología,advertencia,meta_descripcion_ausente,https://fonoaudiologia.uc.cl/fonoaudiologia/autoridades,,2026-08-19T23:41:26.031274Z
Fonoaudiología,advertencia,meta_descripcion_ausente,https://fonoaudiologia.uc.cl/investigacion/equipo-direccion,,2026-08-19T23:41:26.031274Z
Fonoaudiología,advertencia,meta_descripcion_ausente,https://fonoaudiologia.uc.cl/fonoaudiologia/nosotros,,2026-08-19T23:41:26.031274Z
Fonoaudiología,advertencia,meta_descripcion_ausente,https://fonoaudiologia.uc.cl/fonoaudiologia/infraestructura,,2026-08-19T23:41:26.031274Z
Fonoaudiología,advertencia,meta_titulo_duplicado,"https://fonoaudiologia.uc.cl/, https://fonoaudiologia.uc.cl","""Fonoaudiología UC - Facultad de Medicina""",2026-08-19T23:41:26.031274Z
Fonoaudiología,advertencia,link_externo_no_verificable,http://historia.uc.cl,HTTP 403,2026-08-19T23:41:26.031274Z
Fonoaudiología,advertencia,link_externo_no_verificable,http://comunicaciones.uc.cl,HTTP 403,2026-08-19T23:41:26.031274Z
Fonoaudiología,advertencia,link_externo_no_verificable,http://agronomia.uc.cl,HTTP 403,2026-08-19T23:41:26.031274Z
Fonoaudiología,advertencia,link_externo_no_verificable,http://diseno.uc.cl,HTTP 403,2026-08-19T23:41:26.031274Z
Fonoaudiología,advertencia,link_externo_no_verificable,http://investigacion.uc.cl/Investigacion-menu-superior/concursos-investigacion2.html,HTTP 403,2026-08-19T23:41:26.031274Z
Fonoaudiología,advertencia,link_externo_no_verificable,http://dx.doi.org/10.4067/S0034-98872020000700895,HTTP 403,2026-08-19T23:41:26.031274Z
Fonoaudiología,advertencia,link_externo_no_verificable,http://college.uc.cl,HTTP 403,2026-08-19T23:41:26.031274Z
Fonoaudiología,advertencia,link_externo_no_verificable,http://www.uc.cl/educacion,HTTP 403,2026-08-19T23:41:26.031274Z
Fonoaudiología,advertencia,link_externo_no_verificable,http://relacionesinternacionales.uc.cl,"ReadTimeout: HTTPSConnectionPool(host='internacionalizacion.uc.cl', port=443): Read timed out. (read timeout=12)",2026-08-19T23:41:26.031274Z
Fonoaudiología,advertencia,link_externo_no_verificable,https://intranet.cienciasdelasalud.uc.cl/session,"ConnectionError: HTTPSConnectionPool(host='intranet.cienciasdelasalud.uc.cl', port=443): Max retries exceeded with url: /session (Caused by NewConnectionError(""HTTPSConnection(host='intranet.cienciasdelasalud.uc.cl', port=443): Failed to establish a new connection: [Errno 51] Network is unreachable""))",2026-08-19T23:41:26.031274Z
Fonoaudiología,advertencia,link_externo_no_verificable,http://inscripciondecursos.uc.cl,HTTP 403,2026-08-19T23:41:26.031274Z
Fonoaudiología,advertencia,link_externo_no_verificable,http://bibliotecas.uc.cl,HTTP 403,2026-08-19T23:41:26.031274Z
Fonoaudiología,advertencia,link_externo_no_verificable,http://intranet.cienciasdelasalud.uc.cl/session,"ConnectionError: HTTPConnectionPool(host='intranet.cienciasdelasalud.uc.cl', port=80): Max retries exceeded with url: /session (Caused by NewConnectionError(""HTTPConnection(host='intranet.cienciasdelasalud.uc.cl', port=80): Failed to establish a new connection: [Errno 51] Network is unreachable""))",2026-08-19T23:41:26.031274Z
Fonoaudiología,advertencia,link_externo_no_verificable,http://www.cienciapolitica.uc.cl,HTTP 403,2026-08-19T23:41:26.031274Z
Fonoaudiología,advertencia,link_externo_no_verificable,http://teatro.uc.cl,"ConnectTimeout: HTTPConnectionPool(host='teatro.uc.cl', port=80): Max retries exceeded with url: / (Caused by ConnectTimeoutError(<HTTPConnection(host='teatro.uc.cl', port=80) at 0x1093b30a0>, 'Connection to teatro.uc.cl timed out. (connect timeout=12)'))",2026-08-19T23:41:26.031274Z
Fonoaudiología,advertencia,link_externo_no_verificable,http://www.uc.cl/es/politicas-de-privacidad,HTTP 403,2026-08-19T23:41:26.031274Z
Fonoaudiología,advertencia,link_externo_no_verificable,https://www.saludybuenavida.cl/2023/10/17/la-importancia-de-la-fonoaudiologia-en-el-mes-de-las-personas-mayores,"ReadTimeout: HTTPSConnectionPool(host='saludybuenavida.cl', port=443): Read timed out. (read timeout=12)",2026-08-19T23:41:26.031274Z
Fonoaudiología,advertencia,link_externo_no_verificable,http://observatorionuevaevangelizacion.uc.cl/wp,"ReadTimeout: HTTPConnectionPool(host='observatorionuevaevangelizacion.uc.cl', port=80): Read timed out. (read timeout=12)",2026-08-19T23:41:26.031274Z
Fonoaudiología,advertencia,documento_no_verificable,https://www.fonoaudiologia.uc.cl/wp-content/uploads/2018/03/convalidaciones.pdf,"ConnectTimeout: HTTPSConnectionPool(host='www.fonoaudiologia.uc.cl', port=443): Max retries exceeded with url: /wp-content/uploads/2018/03/convalidaciones.pdf (Caused by ConnectTimeoutError(<HTTPSConnection(host='www.fonoaudiologia.uc.cl', port=443) at 0x10894e0a0>, 'Connection to www.fonoaudiologia.uc.cl timed out. (connect timeout=12)'))",2026-08-19T23:41:26.031274Z
Fonoaudiología,advertencia,contenido_desactualizado,https://fonoaudiologia.uc.cl/educacion-continua/diplomados,"Menciona 2025: ""cos adultos con enfoque clínico práctico Admisión 2025 Diplomado en Aborda""",2026-08-19T23:41:26.031274Z
Nutrición,error,link_externo_roto,https://webaccess.uc.cl/simplesaml/index.php,HTTP 404,2026-08-19T23:41:26.031274Z
Nutrición,error,link_externo_roto,https://webaccess.uc.cl,HTTP 404,2026-08-19T23:41:26.031274Z
Nutrición,error,link_externo_roto,http://pastoral.uc.cl/proyecto/concurso-de-investigacion-de-alumnos,HTTP 404,2026-08-19T23:41:26.031274Z
Nutrición,error,link_externo_roto,http://www.quimica.uc.cl,"ConnectionError: HTTPConnectionPool(host='www.quimica.uc.cl', port=80): Max retries exceeded with url: / (Caused by NameResolutionError(""HTTPConnection(host='www.quimica.uc.cl', port=80): Failed to resolve 'www.quimica.uc.cl' ([Errno 8] nodename nor servname provided, or not known)""))",2026-08-19T23:41:26.031274Z
Nutrición,error,link_externo_roto,http://www.estudiosurbanos.uc.cl,"ConnectionError: HTTPConnectionPool(host='www.estudiosurbanos.uc.cl', port=80): Max retries exceeded with url: / (Caused by NameResolutionError(""HTTPConnection(host='www.estudiosurbanos.uc.cl', port=80): Failed to resolve 'www.estudiosurbanos.uc.cl' ([Errno 8] nodename nor servname provided, or not known)""))",2026-08-19T23:41:26.031274Z
Nutrición,error,link_externo_roto,http://www.cienciapolitica.uc.cl,HTTP 530,2026-08-19T23:41:26.031274Z
Nutrición,error,link_externo_roto,http://www7.uc.cl/sociologia,HTTP 404,2026-08-19T23:41:26.031274Z
Nutrición,error,documento_roto,http://secretariageneral.uc.cl/images/Declaracion_de_Principios_UC_actualizadoel28022018.pdf,HTTP 404,2026-08-19T23:41:26.031274Z
Nutrición,error,documento_roto,http://secretariageneral.uc.cl/images/2_-_Estatutos_Generales_de_la_PUC_actualizado13octubre2017.pdf,HTTP 404,2026-08-19T23:41:26.031274Z
Nutrición,advertencia,meta_titulo_largo_incorrecto,https://nutricion.uc.cl/estudiantes/programa-acompanamiento-academico,"91 caracteres: ""Programa de Acompañamiento Académico - Carrera Nutrición y Dietética - Facultad de Medicina""",2026-08-19T23:41:26.031274Z
Nutrición,advertencia,meta_descripcion_ausente,https://nutricion.uc.cl/estudiantes/programa-acompanamiento-academico,,2026-08-19T23:41:26.031274Z
Nutrición,advertencia,meta_titulo_largo_incorrecto,https://nutricion.uc.cl/investigacion/publicaciones,"68 caracteres: ""Publicaciones - Carrera Nutrición y Dietética - Facultad de Medicina""",2026-08-19T23:41:26.031274Z
Nutrición,advertencia,meta_titulo_largo_incorrecto,https://nutricion.uc.cl/noticias/ocho-proyectos-se-adjudican-el-vii-concurso-de-apoyo-a-la-investigacion-de-la-escuela-de-ciencias-de-la-salud-uc,"168 caracteres: ""Ocho proyectos se adjudican el VIII Concurso de Apoyo a la Investigación de la Escuela de Ciencias de la Salud UC - Carrera Nutrición y Dietética - Facultad de Medicina""",2026-08-19T23:41:26.031274Z
Nutrición,advertencia,meta_descripcion_ausente,https://nutricion.uc.cl/noticias/ocho-proyectos-se-adjudican-el-vii-concurso-de-apoyo-a-la-investigacion-de-la-escuela-de-ciencias-de-la-salud-uc,,2026-08-19T23:41:26.031274Z
Nutrición,advertencia,meta_titulo_largo_incorrecto,https://nutricion.uc.cl/nutricion/autoridades,"66 caracteres: ""Autoridades - Carrera Nutrición y Dietética - Facultad de Medicina""",2026-08-19T23:41:26.031274Z
Nutrición,advertencia,meta_descripcion_ausente,https://nutricion.uc.cl/postgrado,,2026-08-19T23:41:26.031274Z
Nutrición,advertencia,meta_titulo_largo_incorrecto,https://nutricion.uc.cl/nutricion/equipo,"69 caracteres: ""Equipo Docente - Carrera Nutrición y Dietética - Facultad de Medicina""",2026-08-19T23:41:26.031274Z
Nutrición,advertencia,meta_titulo_largo_incorrecto,https://nutricion.uc.cl/educacion-continua,"73 caracteres: ""Educación Continua - Carrera Nutrición y Dietética - Facultad de Medicina""",2026-08-19T23:41:26.031274Z
Nutrición,advertencia,meta_titulo_largo_incorrecto,https://nutricion.uc.cl/oportunidades-de-investigacion,"85 caracteres: ""Oportunidades de investigación - Carrera Nutrición y Dietética - Facultad de Medicina""",2026-08-19T23:41:26.031274Z
Nutrición,advertencia,meta_descripcion_ausente,https://nutricion.uc.cl/oportunidades-de-investigacion,,2026-08-19T23:41:26.031274Z
Nutrición,advertencia,meta_titulo_largo_incorrecto,https://nutricion.uc.cl/noticias/dr-bruno-nervi-nattero-nuevo-decano-de-la-facultad-de-medicina-uc,"122 caracteres: ""Dr. Bruno Nervi Nattero: Nuevo Decano de la Facultad de Medicina UC - Carrera Nutrición y Dietética - Facultad de Medicina""",2026-08-19T23:41:26.031274Z
Nutrición,advertencia,meta_descripcion_ausente,https://nutricion.uc.cl/noticias/dr-bruno-nervi-nattero-nuevo-decano-de-la-facultad-de-medicina-uc,,2026-08-19T23:41:26.031274Z
Nutrición,advertencia,meta_titulo_largo_incorrecto,https://nutricion.uc.cl/nutricion/proceso-de-autoevaluacion,"80 caracteres: ""Proceso de Autoevaluación - Carrera Nutrición y Dietética - Facultad de Medicina""",2026-08-19T23:41:26.031274Z
Nutrición,advertencia,meta_titulo_largo_incorrecto,https://nutricion.uc.cl/estudiantes/asuntos-estudiantiles,"76 caracteres: ""Asuntos Estudiantiles - Carrera Nutrición y Dietética - Facultad de Medicina""",2026-08-19T23:41:26.031274Z
Nutrición,advertencia,meta_descripcion_ausente,https://nutricion.uc.cl/estudiantes/asuntos-estudiantiles,,2026-08-19T23:41:26.031274Z
Nutrición,advertencia,meta_descripcion_ausente,https://nutricion.uc.cl/educacion-continua/bootcamps,,2026-08-19T23:41:26.031274Z
Nutrición,advertencia,meta_titulo_largo_incorrecto,https://nutricion.uc.cl/estudiantes,"66 caracteres: ""Estudiantes - Carrera Nutrición y Dietética - Facultad de Medicina""",2026-08-19T23:41:26.031274Z
Nutrición,advertencia,meta_descripcion_ausente,https://nutricion.uc.cl/estudiantes,,2026-08-19T23:41:26.031274Z
Nutrición,advertencia,meta_titulo_largo_incorrecto,https://nutricion.uc.cl/pregrado/infraestructura,"70 caracteres: ""Infraestructura - Carrera Nutrición y Dietética - Facultad de Medicina""",2026-08-19T23:41:26.031274Z
Nutrición,advertencia,meta_titulo_largo_incorrecto,https://nutricion.uc.cl/investigacion/unidades-de-investigacion-en-nutricion,"93 caracteres: ""Unidades de Investigación en Nutrición - Carrera Nutrición y Dietética - Facultad de Medicina""",2026-08-19T23:41:26.031274Z
Nutrición,advertencia,meta_titulo_largo_incorrecto,https://nutricion.uc.cl/pregrado/malla-curricular-nutricion-uc,"71 caracteres: ""Malla curricular - Carrera Nutrición y Dietética - Facultad de Medicina""",2026-08-19T23:41:26.031274Z
Nutrición,advertencia,meta_titulo_largo_incorrecto,https://nutricion.uc.cl/pregrado/campos-clinicos,"70 caracteres: ""Campos Clínicos - Carrera Nutrición y Dietética - Facultad de Medicina""",2026-08-19T23:41:26.031274Z
Nutrición,advertencia,link_externo_no_verificable,http://college.uc.cl,HTTP 403,2026-08-19T23:41:26.031274Z
Nutrición,advertencia,link_externo_no_verificable,http://www.uc.cl/educacion,HTTP 403,2026-08-19T23:41:26.031274Z
Nutrición,advertencia,link_externo_no_verificable,http://historia.uc.cl,HTTP 403,2026-08-19T23:41:26.031274Z
Nutrición,advertencia,link_externo_no_verificable,https://saludestudiantil.uc.cl,HTTP 403,2026-08-19T23:41:26.031274Z
Nutrición,advertencia,link_externo_no_verificable,http://comunicaciones.uc.cl,HTTP 403,2026-08-19T23:41:26.031274Z
Nutrición,advertencia,link_externo_no_verificable,https://saludestudiantil.uc.cl/Contenidos-del-Sitio/convenio-redsalud-ucchristus.html,HTTP 403,2026-08-19T23:41:26.031274Z
Nutrición,advertencia,link_externo_no_verificable,https://admisionyregistros.uc.cl/alumnos/servicios-academicos/certificacion-estudiantil,HTTP 403,2026-08-19T23:41:26.031274Z
Nutrición,advertencia,link_externo_no_verificable,https://informatica.uc.cl/correo/preguntas-frecuentes-correo-gmail-uc,HTTP 403,2026-08-19T23:41:26.031274Z
Nutrición,advertencia,link_externo_no_verificable,http://bibliotecas.uc.cl,HTTP 403,2026-08-19T23:41:26.031274Z
Nutrición,advertencia,link_externo_no_verificable,https://admisionyregistros.uc.cl/alumnos,HTTP 403,2026-08-19T23:41:26.031274Z
Nutrición,advertencia,link_externo_no_verificable,http://intranet.cienciasdelasalud.uc.cl/session,"ConnectionError: HTTPConnectionPool(host='intranet.cienciasdelasalud.uc.cl', port=80): Max retries exceeded with url: /session (Caused by NewConnectionError(""HTTPConnection(host='intranet.cienciasdelasalud.uc.cl', port=80): Failed to establish a new connection: [Errno 51] Network is unreachable""))",2026-08-19T23:41:26.031274Z
Nutrición,advertencia,link_externo_no_verificable,http://teatro.uc.cl,"ConnectTimeout: HTTPConnectionPool(host='teatro.uc.cl', port=80): Max retries exceeded with url: / (Caused by ConnectTimeoutError(<HTTPConnection(host='teatro.uc.cl', port=80) at 0x109217fd0>, 'Connection to teatro.uc.cl timed out. (connect timeout=12)'))",2026-08-19T23:41:26.031274Z
Nutrición,advertencia,link_externo_no_verificable,https://inclusion.uc.cl,HTTP 403,2026-08-19T23:41:26.031274Z
Nutrición,advertencia,link_externo_no_verificable,http://agronomia.uc.cl,HTTP 403,2026-08-19T23:41:26.031274Z
Nutrición,advertencia,link_externo_no_verificable,http://diseno.uc.cl,HTTP 403,2026-08-19T23:41:26.031274Z
Nutrición,advertencia,link_externo_no_verificable,http://www.uc.cl/es/politicas-de-privacidad,HTTP 403,2026-08-19T23:41:26.031274Z
Nutrición,advertencia,link_externo_no_verificable,http://observatorionuevaevangelizacion.uc.cl/wp,"ReadTimeout: HTTPConnectionPool(host='observatorionuevaevangelizacion.uc.cl', port=80): Read timed out. (read timeout=12)",2026-08-19T23:41:26.031274Z
Nutrición,advertencia,contenido_desactualizado,https://nutricion.uc.cl/educacion-continua/diplomados-nutricion-uc,"Menciona 2025: ""cación Diplomado en Nutrición geriátrica Admisión 2025 Diplomado en Gestió""",2026-08-19T23:41:26.031274Z
Nutrición,advertencia,contenido_desactualizado,https://nutricion.uc.cl/educacion-continua/cursos-y-jornadas-uc,"Menciona 2025: ""nal de las enfermedades cardiovasculares Admisión 2025 Calorimetría indire""",2026-08-19T23:41:26.031274Z
Nutrición,advertencia,contenido_desactualizado,https://nutricion.uc.cl/educacion-continua/cursos-y-jornadas-uc,"Menciona 2024: ""a educación de profesionales de la salud Admisión 2024 Asistencia nutricio""",2026-08-19T23:41:26.031274Z
Nutrición,advertencia,contenido_desactualizado,https://nutricion.uc.cl/educacion-continua/cursos-y-jornadas-uc,"Menciona 2023: ""crónicas con implicancias nutricionales Admisión 2023 Tratamiento nutrici""",2026-08-19T23:41:26.031274Z
Nutrición,advertencia,contenido_desactualizado,https://nutricion.uc.cl/pregrado/malla-curricular-nutricion-uc,"Menciona 2023: ""rado Malla curricular Plan de estudios - Admisión 2023 El plan de estudios""",2026-08-19T23:41:26.031274Z
Nutrición,advertencia,contenido_desactualizado,https://nutricion.uc.cl/pregrado/malla-curricular-nutricion-uc,"Menciona 2023: ""o de especialización. Malla Curricular | Admisión 2023 Malla Curricular Ad""",2026-08-19T23:41:26.031274Z
Nutrición,advertencia,contenido_desactualizado,https://nutricion.uc.cl/pregrado/malla-curricular-nutricion-uc,"Menciona 2023: ""ricular | Admisión 2023 Malla Curricular Admisión 2023 1º Semestre Precálc""",2026-08-19T23:41:26.031274Z
Nutrición,advertencia,contenido_desactualizado,https://nutricion.uc.cl/pregrado/malla-curricular-nutricion-uc,"Menciona 2016: ""urricular (2016 - 2022) Malla Curricular Admisión 2016 - 2022 1º Semestre""",2026-08-19T23:41:26.031274Z
Nutrición,advertencia,contenido_desactualizado,https://nutricion.uc.cl/pregrado/malla-curricular-nutricion-uc,"Menciona 2022: ""ar (2016 - 2022) Malla Curricular Admisión 2016 - 2022 1º Semestre Cálculo""",2026-08-19T23:41:26.031274Z
Terapia Ocupacional,error,link_externo_roto,https://correo.uc.cl,HTTP 404,2026-08-19T23:41:26.031274Z
Terapia Ocupacional,error,link_interno_roto,https://terapiaocupacional.uc.cl/redes-sociales,HTTP 404,2026-08-19T23:41:26.031274Z
Terapia Ocupacional,error,imagen_roto,https://medicina.uc.cl/wp-content/uploads/2017/01/Dra.-Marcela-Cisternas-Marti%CC%81nez.jpg,HTTP 404,2026-08-19T23:41:26.031274Z
Terapia Ocupacional,advertencia,meta_titulo_largo_incorrecto,https://terapiaocupacional.uc.cl/integral-e-interdisciplinario-ciencias-de-la-salud-uc-lanza-primer-magister-en-rehabilitacion-en-salud,"151 caracteres: ""Integral e interdisciplinario: Ciencias de la Salud UC lanza primer Magíster en Rehabilitación en Salud - Terapia Ocupacional UC - Facultad de Medicina""",2026-08-19T23:41:26.031274Z
Terapia Ocupacional,advertencia,meta_titulo_largo_incorrecto,https://terapiaocupacional.uc.cl/cursos,"67 caracteres: ""Diplomados y Cursos - Terapia Ocupacional UC - Facultad de Medicina""",2026-08-19T23:41:26.031274Z
Terapia Ocupacional,advertencia,meta_titulo_largo_incorrecto,https://terapiaocupacional.uc.cl/vinculacion-con-el-medio,"72 caracteres: ""Vinculación con el Medio - Terapia Ocupacional UC - Facultad de Medicina""",2026-08-19T23:41:26.031274Z
Terapia Ocupacional,advertencia,meta_titulo_largo_incorrecto,https://terapiaocupacional.uc.cl/servicios-estudiantiles,"69 caracteres: ""Asuntos Estudiantiles - Terapia Ocupacional UC - Facultad de Medicina""",2026-08-19T23:41:26.031274Z
Terapia Ocupacional,advertencia,meta_titulo_largo_incorrecto,https://terapiaocupacional.uc.cl/reglamentos-internos,"68 caracteres: ""Reglamentos Internos - Terapia Ocupacional UC - Facultad de Medicina""",2026-08-19T23:41:26.031274Z
Terapia Ocupacional,advertencia,meta_titulo_largo_incorrecto,https://terapiaocupacional.uc.cl/enterate-de-todas-nuestras-noticias-sigue-nuestro-instagram,"109 caracteres: ""¡Entérate de todas nuestras noticias! Sigue nuestro instagram - Terapia Ocupacional UC - Facultad de Medicina""",2026-08-19T23:41:26.031274Z
Terapia Ocupacional,advertencia,meta_titulo_largo_incorrecto,https://terapiaocupacional.uc.cl/intercambio-estudiantil,"71 caracteres: ""Intercambio Estudiantil - Terapia Ocupacional UC - Facultad de Medicina""",2026-08-19T23:41:26.031274Z
Terapia Ocupacional,advertencia,meta_titulo_largo_incorrecto,https://terapiaocupacional.uc.cl/todas-las-noticias,"66 caracteres: ""Todas las Noticias - Terapia Ocupacional UC - Facultad de Medicina""",2026-08-19T23:41:26.031274Z
Terapia Ocupacional,advertencia,meta_titulo_largo_incorrecto,https://terapiaocupacional.uc.cl/terapia-ocupacional,"67 caracteres: ""Terapia Ocupacional - Terapia Ocupacional UC - Facultad de Medicina""",2026-08-19T23:41:26.031274Z
Terapia Ocupacional,advertencia,meta_titulo_largo_incorrecto,https://terapiaocupacional.uc.cl/12-salas-totalmente-equipadas-innovacion-y-aprendizaje-en-la-simulacion-desde-ciencias-de-la-salud,"147 caracteres: ""12 salas totalmente equipadas: Innovación y aprendizaje en la simulación desde Ciencias de la Salud - Terapia Ocupacional UC - Facultad de Medicina""",2026-08-19T23:41:26.031274Z
Terapia Ocupacional,advertencia,meta_titulo_largo_incorrecto,https://terapiaocupacional.uc.cl/por-que-estudiar-terapia-ocupacional,"86 caracteres: ""¿Por qué estudiar terapia ocupacional? - Terapia Ocupacional UC - Facultad de Medicina""",2026-08-19T23:41:26.031274Z
Terapia Ocupacional,advertencia,meta_titulo_largo_incorrecto,https://terapiaocupacional.uc.cl/vida-universitaria,"66 caracteres: ""Vida Universitaria - Terapia Ocupacional UC - Facultad de Medicina""",2026-08-19T23:41:26.031274Z
Terapia Ocupacional,advertencia,meta_titulo_largo_incorrecto,https://terapiaocupacional.uc.cl/ganadores-fondedoc-2026-17-integrantes-de-la-facultad-de-medicina-uc-se-adjudican-proyectos,"141 caracteres: ""Ganadores Fondedoc 2026: 17 integrantes de la Facultad de Medicina UC se adjudican proyectos  - Terapia Ocupacional UC - Facultad de Medicina""",2026-08-19T23:41:26.031274Z
Terapia Ocupacional,advertencia,meta_titulo_largo_incorrecto,https://terapiaocupacional.uc.cl/hito-para-ciencias-de-la-salud-uc-terapia-ocupacional-celebra-su-primera-generacion-de-egresadas,"145 caracteres: ""Hito para Ciencias de la Salud UC: Terapia Ocupacional celebra su primera generación de egresadas - Terapia Ocupacional UC - Facultad de Medicina""",2026-08-19T23:41:26.031274Z
Terapia Ocupacional,advertencia,meta_titulo_largo_incorrecto,https://terapiaocupacional.uc.cl/equipo-educacion-continua,"73 caracteres: ""Equipo Educación Continua - Terapia Ocupacional UC - Facultad de Medicina""",2026-08-19T23:41:26.031274Z
Terapia Ocupacional,advertencia,link_externo_no_verificable,http://medica.saludestudiantil.uc.cl/index.php/estudiantes-con-hijos,HTTP 403,2026-08-19T23:41:26.031274Z
Terapia Ocupacional,advertencia,link_externo_no_verificable,http://medica.saludestudiantil.uc.cl,HTTP 403,2026-08-19T23:41:26.031274Z
Terapia Ocupacional,advertencia,link_externo_no_verificable,http://apoyo.saludestudiantil.uc.cl,HTTP 403,2026-08-19T23:41:26.031274Z
Terapia Ocupacional,advertencia,link_externo_no_verificable,http://dental.saludestudiantil.uc.cl,HTTP 403,2026-08-19T23:41:26.031274Z
Terapia Ocupacional,advertencia,link_externo_no_verificable,http://bibliotecas.uc.cl,HTTP 403,2026-08-19T23:41:26.031274Z
Terapia Ocupacional,advertencia,link_externo_no_verificable,https://www.uc.cl/politica-de-privacidad,HTTP 403,2026-08-19T23:41:26.031274Z
Terapia Ocupacional,advertencia,link_externo_no_verificable,http://piane.uc.cl,HTTP 403,2026-08-19T23:41:26.031274Z
Terapia Ocupacional,advertencia,link_externo_no_verificable,https://relacionesinternacionales.uc.cl/alumnos-uc/pregrado,"ReadTimeout: HTTPSConnectionPool(host='internacionalizacion.uc.cl', port=443): Read timed out. (read timeout=12)",2026-08-19T23:41:26.031274Z
